{"autoScroll":false,"bgmVolume":0.10000000149011612,"sfxVolume":0.09999992698431015}