{"autoScroll":true,"bgmVolume":0.6999999284744263,"sfxVolume":0.09999992698431015}